<?xml version="1.0" encoding="UTF-8" standalone="no"?>
<!--iDempiere(r) Release 8.2_2020-12-20 -Smart Suite ERP, CRM and SCM- (c) 1999-2021 iDempiere(r); Implementation: iDempiere - Supported by iDempiere community--><!--<!DOCTYPE idempiereTrl PUBLIC "-//ComPiere, Inc.//DTD iDempiere Translation 1.0//EN" "http://www.idempiere.com/dtd/idempiereTrl.dtd">--><idempiereTrl language="ru_RU" table="AD_FieldGroup">
 <row id="101" trl="Y">
  <value column="Name" original="Status">Статус</value>
 </row>
 <row id="102" trl="Y">
  <value column="Name" original="Quantities">Количество</value>
 </row>
 <row id="103" trl="Y">
  <value column="Name" original="Amounts">Суммы</value>
 </row>
 <row id="104" trl="Y">
  <value column="Name" original="Reference">Ссылка</value>
 </row>
 <row id="105" trl="Y">
  <value column="Name" original="History">История</value>
 </row>
 <row id="106" trl="Y">
  <value column="Name" original="Product">Номенклатура</value>
 </row>
 <row id="107" trl="Y">
  <value column="Name" original="Business Partner">Контрагент</value>
 </row>
 <row id="108" trl="Y">
  <value column="Name" original="Warehouse">Склад</value>
 </row>
 <row id="109" trl="Y">
  <value column="Name" original="Bank Accounts">Банковские счета</value>
 </row>
 <row id="110" trl="Y">
  <value column="Name" original="Cash Book Accounts">Счета кассовой книги</value>
 </row>
 <row id="111" trl="Y">
  <value column="Name" original="Tax Accounts">Налоговые счета</value>
 </row>
 <row id="112" trl="Y">
  <value column="Name" original="Project Accounts">Счета проекта</value>
 </row>
 <row id="113" trl="Y">
  <value column="Name" original="General">Главный</value>
 </row>
 <row id="114" trl="Y">
  <value column="Name" original="Action">Действие</value>
 </row>
 <row id="115" trl="Y">
  <value column="Name" original="Standard Cost">Нормативная стоимость</value>
 </row>
 <row id="116" trl="Y">
  <value column="Name" original="Actual Costs">Фактические затраты</value>
 </row>
 <row id="117" trl="Y">
  <value column="Name" original="Statistics">Статистика</value>
 </row>
 <row id="118" trl="Y">
  <value column="Name" original="Defaults">По умолчанию</value>
 </row>
 <row id="119" trl="Y">
  <value column="Name" original="Request Management">Управление запросами</value>
 </row>
 <row id="120" trl="Y">
  <value column="Name" original="Web Store">Интернет-магазин</value>
 </row>
 <row id="121" trl="Y">
  <value column="Name" original="Internal">Внутренний</value>
 </row>
 <row id="122" trl="Y">
  <value column="Name" original="External">Внешний</value>
 </row>
 <row id="123" trl="Y">
  <value column="Name" original="Common">Общий</value>
 </row>
 <row id="124" trl="Y">
  <value column="Name" original="Shipment">Отгрузка</value>
 </row>
 <row id="125" trl="Y">
  <value column="Name" original="Document">Документ</value>
 </row>
 <row id="126" trl="Y">
  <value column="Name" original="Line">Линия</value>
 </row>
 <row id="127" trl="Y">
  <value column="Name" original="Simulation">Моделирование</value>
 </row>
 <row id="128" trl="Y">
  <value column="Name" original="Calculations">Расчеты</value>
 </row>
 <row id="129" trl="Y">
  <value column="Name" original="Proxy">Прокси</value>
 </row>
 <row id="130" trl="Y">
  <value column="Name" original="Delivery">Доставка</value>
 </row>
 <row id="131" trl="Y">
  <value column="Name" original="Invoicing">Выставление счетов</value>
 </row>
 <row id="132" trl="Y">
  <value column="Name" original="Only ..">Только ..</value>
 </row>
 <row id="133" trl="Y">
  <value column="Name" original="Selection">Выбор</value>
 </row>
 <row id="134" trl="Y">
  <value column="Name" original="Workflow">Бизнес-процесс</value>
 </row>
 <row id="135" trl="Y">
  <value column="Name" original="Access">Доступ</value>
 </row>
 <row id="50000" trl="Y">
  <value column="Name" original="Allow Info In Role">Разрешить информацию в роли</value>
 </row>
 <row id="50001" trl="Y">
  <value column="Name" original="Accounts">Бух.счета</value>
 </row>
 <row id="50002" trl="Y">
  <value column="Name" original="Setup">Настройки</value>
 </row>
 <row id="50003" trl="Y">
  <value column="Name" original="Dates">Даты</value>
 </row>
 <row id="50004" trl="Y">
  <value column="Name" original="Revaluation Accounts">Счета переоценки</value>
 </row>
 <row id="50005" trl="Y">
  <value column="Name" original="Contract">Договор</value>
 </row>
 <row id="50006" trl="Y">
  <value column="Name" original="Options">Параметры</value>
 </row>
 <row id="50007" trl="Y">
  <value column="Name" original="General Ledger">Главная бухгалтерская книга</value>
 </row>
 <row id="50008" trl="Y">
  <value column="Name" original="Machines">Машины</value>
 </row>
 <row id="50009" trl="Y">
  <value column="Name" original="Database">База данных</value>
 </row>
 <row id="50010" trl="Y">
  <value column="Name" original="Manufacturing Accounts">Счета производства</value>
 </row>
 <row id="50012" trl="Y">
  <value column="Name" original="Logo">Логотип</value>
 </row>
 <row id="50016" trl="Y">
  <value column="Name" original="Location">Место нахождения</value>
 </row>
 <row id="50017" trl="Y">
  <value column="Name" original="Fixed Asset">Основные средства</value>
 </row>
 <row id="50018" trl="Y">
  <value column="Name" original="Maintenance">Обслуживание</value>
 </row>
 <row id="50019" trl="Y">
  <value column="Name" original="Funding">Финансирование</value>
 </row>
 <row id="50020" trl="Y">
  <value column="Name" original="Depreciation">Амортизация</value>
 </row>
 <row id="200000" trl="Y">
  <value column="Name" original="Swing Position">Позиция в Swing приложении</value>
 </row>
 <row id="200001" trl="Y">
  <value column="Name" original="Web Position">Позиция в интернет-браузере</value>
 </row>
 <row id="200003" trl="Y">
  <value column="Name" original="User Locking">Блокировка пользователя</value>
 </row>
 <row id="200004" trl="Y">
  <value column="Name" original="Overwritten From Column">Перезапись настроек столбца таблицы</value>
 </row>
 <row id="200005" trl="Y">
  <value column="Name" original="Customer Information">Информация о покупателе</value>
 </row>
 <row id="200006" trl="Y">
  <value column="Name" original="Vendor Information">Информация о поставщике</value>
 </row>
 <row id="200007" trl="Y">
  <value column="Name" original="Sales Information">Информация о продажах</value>
 </row>
 <row id="200008" trl="Y">
  <value column="Name" original="Document Preferences">Настройки документа</value>
 </row>
 <row id="200009" trl="Y">
  <value column="Name" original="Charge Account">Счета затрат</value>
 </row>
 <row id="200010" trl="Y">
  <value column="Name" original="Business Partner Accounts">Счета контрагента</value>
 </row>
 <row id="200011" trl="Y">
  <value column="Name" original="Product Accounts">Счета номенклатуры</value>
 </row>
 <row id="200012" trl="Y">
  <value column="Name" original="Warehouse Accounts">Счета склада</value>
 </row>
 <row id="200013" trl="Y">
  <value column="Name" original="Product Category Accounts">Счета категории номенклатуры</value>
 </row>
 <row id="200014" trl="Y">
  <value column="Name" original="Business Partner Group Accounts">Счета группы контрагентов</value>
 </row>
 <row id="200015" trl="Y">
  <value column="Name" original="Technical">Технический</value>
 </row>
 <row id="200016" trl="Y">
  <value column="Name" original="Foreign Key">Внешний ключ</value>
 </row>
 <row id="200018" trl="Y">
  <value column="Name" original="Background Job">Фоновая работа</value>
 </row>
 <row id="200022" trl="Y">
  <value column="Name" original="Placeholders">Заполнители</value>
 </row>
 <row id="200027" trl="Y">
  <value column="Name" original="EMail">EMail</value>
 </row>
 <row id="200028" trl="Y">
  <value column="Name" original="TOTP">TOTP</value>
 </row>
</idempiereTrl>
