<?xml version="1.0" encoding="UTF-8" standalone="no"?>
<!--iDempiere(r) Release 8.2_2020-12-20 -Smart Suite ERP, CRM and SCM- (c) 1999-2021 iDempiere(r); Implementation: iDempiere - Supported by iDempiere community--><!--<!DOCTYPE idempiereTrl PUBLIC "-//ComPiere, Inc.//DTD iDempiere Translation 1.0//EN" "http://www.idempiere.com/dtd/idempiereTrl.dtd">--><idempiereTrl language="ru_RU" table="AD_InfoWindow">
 <row id="200000" trl="Y">
  <value column="Name" original="Product Info">Информация о номенклатуре</value>
  <value column="Description" original=""/>
  <value column="Help" original=""/>
 </row>
 <row id="200001" trl="Y">
  <value column="Name" original="Business Partner Info">Информация о контрагентах</value>
  <value column="Description" original=""/>
  <value column="Help" original=""/>
 </row>
 <row id="200002" trl="Y">
  <value column="Name" original="Order Info">Информация о заказах</value>
  <value column="Description" original=""/>
  <value column="Help" original=""/>
 </row>
 <row id="200003" trl="Y">
  <value column="Name" original="Invoice Info">Информация о счете-фактуре</value>
  <value column="Description" original=""/>
  <value column="Help" original=""/>
 </row>
 <row id="200004" trl="Y">
  <value column="Name" original="Shipment Info">Информация об отгрузке</value>
  <value column="Description" original=""/>
  <value column="Help" original=""/>
 </row>
 <row id="200005" trl="Y">
  <value column="Name" original="Payment Info">Информация об оплатах</value>
  <value column="Description" original=""/>
  <value column="Help" original=""/>
 </row>
 <row id="200006" trl="Y">
  <value column="Name" original="Resource Info">Информация о ресурсах</value>
  <value column="Description" original=""/>
  <value column="Help" original=""/>
 </row>
 <row id="200007" trl="Y">
  <value column="Name" original="Asset Info">Информация об активах</value>
  <value column="Description" original=""/>
  <value column="Help" original=""/>
 </row>
 <row id="200013" trl="Y">
  <value column="Name" original="Role (All)">Роль (Все)</value>
  <value column="Description" original=""/>
  <value column="Help" original=""/>
 </row>
 <row id="200014" trl="Y">
  <value column="Name" original="Support Users vs Roles">Поддержка пользователей и ролей</value>
  <value column="Description" original=""/>
  <value column="Help" original=""/>
 </row>
</idempiereTrl>
