<?xml version="1.0" encoding="UTF-8" standalone="no"?>
<!--iDempiere(r) Release 8.2_2020-12-20 -Smart Suite ERP, CRM and SCM- (c) 1999-2021 iDempiere(r); Implementation: iDempiere - Supported by iDempiere community--><!--<!DOCTYPE idempiereTrl PUBLIC "-//ComPiere, Inc.//DTD iDempiere Translation 1.0//EN" "http://www.idempiere.com/dtd/idempiereTrl.dtd">--><idempiereTrl language="ru_RU" table="AD_Menu">
 <row id="100" trl="N">
  <value column="Name" original="Invoice Inquiry">Invoice Inquiry</value>
  <value column="Description" original=""/>
 </row>
 <row id="153" trl="Y">
  <value column="Name" original="Application Dictionary">Словарь приложений</value>
  <value column="Description" original="Maintain Application Dictionary">Ведение словаря приложений</value>
 </row>
 <row id="155" trl="Y">
  <value column="Name" original="General Rules">Общие правила</value>
  <value column="Description" original=""/>
 </row>
 <row id="156" trl="N">
  <value column="Name" original="Client Rules">Client Rules</value>
  <value column="Description" original="Maintain Client Rules">Maintain Client Rules</value>
 </row>
 <row id="157" trl="N">
  <value column="Name" original="Data">Data</value>
  <value column="Description" original="Maintain Data">Maintain Data</value>
 </row>
 <row id="158" trl="N">
  <value column="Name" original="Performance Measurement">Performance Measurement</value>
  <value column="Description" original=""/>
 </row>
 <row id="159" trl="N">
  <value column="Name" original="Utility">Utility</value>
  <value column="Description" original=""/>
 </row>
 <row id="160" trl="Y">
  <value column="Name" original="Project Management">Управление проектами</value>
  <value column="Description" original=""/>
 </row>
 <row id="161" trl="Y">
  <value column="Name" original="System Rules">Системные правила</value>
  <value column="Description" original="General System Rules">Общие системные правила</value>
 </row>
 <row id="163" trl="N">
  <value column="Name" original="Data Import">Data Import</value>
  <value column="Description" original=""/>
 </row>
 <row id="164" trl="N">
  <value column="Name" original="Accounting Rules">Accounting Rules</value>
  <value column="Description" original=""/>
 </row>
 <row id="165" trl="N">
  <value column="Name" original="Business Partner Rules">Business Partner Rules</value>
  <value column="Description" original=""/>
 </row>
 <row id="166" trl="Y">
  <value column="Name" original="Quote-to-Invoice">Продажи</value>
  <value column="Description" original=""/>
 </row>
 <row id="167" trl="Y">
  <value column="Name" original="Material Management Rules">Правила управления запасами</value>
  <value column="Description" original=""/>
 </row>
 <row id="175" trl="Y">
  <value column="Name" original="Organization Rules">Правила организации</value>
  <value column="Description" original=""/>
 </row>
 <row id="183" trl="Y">
  <value column="Name" original="Material Management">Управление запасами</value>
  <value column="Description" original=""/>
 </row>
 <row id="203" trl="Y">
  <value column="Name" original="Requisition-to-Invoice">Закупки</value>
  <value column="Description" original=""/>
 </row>
 <row id="218" trl="Y">
  <value column="Name" original="System Admin">Администрирование системы</value>
  <value column="Description" original=""/>
 </row>
 <row id="236" trl="Y">
  <value column="Name" original="Open Items">Открытые элементы</value>
  <value column="Description" original=""/>
 </row>
 <row id="263" trl="Y">
  <value column="Name" original="Partner Relations">Контрагенты</value>
  <value column="Description" original="Customer Relations and Partner Management">Отношения с клиентами и управление партнерами</value>
 </row>
 <row id="271" trl="N">
  <value column="Name" original="Service">Service</value>
  <value column="Description" original="Service Management">Service Management</value>
 </row>
 <row id="272" trl="N">
  <value column="Name" original="Sales and Marketing">Sales and Marketing</value>
  <value column="Description" original=""/>
 </row>
 <row id="278" trl="Y">
  <value column="Name" original="Performance Analysis">Анализ производительности</value>
  <value column="Description" original=""/>
 </row>
 <row id="280" trl="N">
  <value column="Name" original="Financial Reporting">Financial Reporting</value>
  <value column="Description" original=""/>
 </row>
 <row id="326" trl="Y">
  <value column="Name" original="Printing">Печать</value>
  <value column="Description" original="Print Definition">Определение печати</value>
 </row>
 <row id="345" trl="Y">
  <value column="Name" original="Assets">Активы (основные средства)</value>
  <value column="Description" original=""/>
 </row>
 <row id="357" trl="Y">
  <value column="Name" original="Product Attributes">Характеристики номенклатуры</value>
  <value column="Description" original=""/>
 </row>
 <row id="367" trl="Y">
  <value column="Name" original="Security">Безопасность</value>
  <value column="Description" original=""/>
 </row>
 <row id="372" trl="N">
  <value column="Name" original="Web">Web</value>
  <value column="Description" original=""/>
 </row>
 <row id="392" trl="Y">
  <value column="Name" original="Knowledge Base">База знаний</value>
  <value column="Description" original=""/>
 </row>
 <row id="456" trl="Y">
  <value column="Name" original="Server">Сервер</value>
  <value column="Description" original="iDempiere Server Maintenance">Обслуживание сервера iDempiere</value>
 </row>
 <row id="457" trl="N">
  <value column="Name" original="Sales Orders">Sales Orders</value>
  <value column="Description" original=""/>
 </row>
 <row id="458" trl="N">
  <value column="Name" original="Sales Invoices">Sales Invoices</value>
  <value column="Description" original=""/>
 </row>
 <row id="459" trl="N">
  <value column="Name" original="Shipments">Shipments</value>
  <value column="Description" original=""/>
 </row>
 <row id="460" trl="N">
  <value column="Name" original="Market Place">Market Place</value>
  <value column="Description" original=""/>
 </row>
 <row id="501" trl="Y">
  <value column="Name" original="Workflow">Рабочий процесс</value>
  <value column="Description" original="iDempiere Workflow">Рабочий процесс iDempiere</value>
 </row>
 <row id="522" trl="N">
  <value column="Name" original="Costing">Costing</value>
  <value column="Description" original=""/>
 </row>
 <row id="528" trl="N">
  <value column="Name" original="Request">Request</value>
  <value column="Description" original=""/>
 </row>
 <row id="566" trl="Y">
  <value column="Name" original="Collaboration">Совместная работа</value>
  <value column="Description" original="Collaboration and Content Management">Совместная работа и управление контентом</value>
 </row>
 <row id="50001" trl="N">
  <value column="Name" original="Application Packaging">Application Packaging</value>
  <value column="Description" original="Import and export packaging">Import and export packaging</value>
 </row>
 <row id="52001" trl="N">
  <value column="Name" original="Web POS">Web POS</value>
  <value column="Description" original=""/>
 </row>
 <row id="53014" trl="Y">
  <value column="Name" original="Manufacturing Management">Управление производством (LiberoMFG)</value>
  <value column="Description" original="Manufacturing">Производство</value>
 </row>
 <row id="53016" trl="N">
  <value column="Name" original="Engineering Management">Engineering Management</value>
  <value column="Description" original="Engineering management involves the overall management of organizations with an orientation to manufacturing, engineering, technology or production.">Engineering management involves the overall management of organizations with an orientation to manufacturing, engineering, technology or production.</value>
 </row>
 <row id="53017" trl="N">
  <value column="Name" original="Resource Manufacturing">Resource Manufacturing</value>
  <value column="Description" original="Resource Manufacturing">Resource Manufacturing</value>
 </row>
 <row id="53019" trl="N">
  <value column="Name" original="Manufacturing Workflow">Manufacturing Workflow</value>
  <value column="Description" original=""/>
 </row>
 <row id="53022" trl="N">
  <value column="Name" original="Bill of Material &amp; Formulas" xml:space="preserve"><![CDATA[Bill of Material & Formulas]]></value>
  <value column="Description" original="Bill of Material &amp; Formulas" xml:space="preserve"><![CDATA[Bill of Material & Formulas]]></value>
 </row>
 <row id="53029" trl="N">
  <value column="Name" original="Planning Management">Planning Management</value>
  <value column="Description" original="Using Planning Management you answer the question: When and How Many products we must get?">Using Planning Management you answer the question: When and How Many products we must get?</value>
 </row>
 <row id="53031" trl="N">
  <value column="Name" original="Product Planning">Product Planning</value>
  <value column="Description" original="Product Planning">Product Planning</value>
 </row>
 <row id="53034" trl="N">
  <value column="Name" original="MRP">MRP</value>
  <value column="Description" original="Materials Requirements Planning">Materials Requirements Planning</value>
 </row>
 <row id="53043" trl="N">
  <value column="Name" original="CRP">CRP</value>
  <value column="Description" original="Capacity Requirements Planning">Capacity Requirements Planning</value>
 </row>
 <row id="53048" trl="N">
  <value column="Name" original="DRP">DRP</value>
  <value column="Description" original="Distribution Resource Planning">Distribution Resource Planning</value>
 </row>
 <row id="53052" trl="N">
  <value column="Name" original="Production Management">Production Management</value>
  <value column="Description" original="Production Management">Production Management</value>
 </row>
 <row id="53053" trl="N">
  <value column="Name" original="Discreet Manufacturing">Discreet Manufacturing</value>
  <value column="Description" original=""/>
 </row>
 <row id="53061" trl="N">
  <value column="Name" original="Management Maintenance">Management Maintenance</value>
  <value column="Description" original="Management Maintenance">Management Maintenance</value>
 </row>
 <row id="53063" trl="N">
  <value column="Name" original="Activity Control">Activity Control</value>
  <value column="Description" original="Activity Control">Activity Control</value>
 </row>
 <row id="53066" trl="N">
  <value column="Name" original="Distribution Management">Distribution Management</value>
  <value column="Description" original="Distribution Resource Planning (DRP) is a method used in business administration for planning orders within a supply chain. ">Distribution Resource Planning (DRP) is a method used in business administration for planning orders within a supply chain. </value>
 </row>
 <row id="53071" trl="N">
  <value column="Name" original="Quality Management">Quality Management</value>
  <value column="Description" original="Quality Management">Quality Management</value>
 </row>
 <row id="53074" trl="N">
  <value column="Name" original="Standard Costing Management">Standard Costing Management</value>
  <value column="Description" original="Standard Costing Management">Standard Costing Management</value>
 </row>
 <row id="53091" trl="N">
  <value column="Name" original="Global Tax Management">Global Tax Management</value>
  <value column="Description" original=""/>
 </row>
 <row id="53098" trl="N">
  <value column="Name" original="Replication Data">Replication Data</value>
  <value column="Description" original=""/>
 </row>
 <row id="53108" trl="Y">
  <value column="Name" original="Human Resource &amp; Payroll">Человеческие ресурсы и заработная плата</value>
  <value column="Description" original="Human Resource &amp; Payroll">Человеческие ресурсы и заработная плата</value>
 </row>
 <row id="53109" trl="N">
  <value column="Name" original="Human Resource">Human Resource</value>
  <value column="Description" original=""/>
 </row>
 <row id="53114" trl="N">
  <value column="Name" original="Payroll">Payroll</value>
  <value column="Description" original=""/>
 </row>
 <row id="53133" trl="N">
  <value column="Name" original="Customer Service">Customer Service</value>
  <value column="Description" original="Customer Related Assets">Customer Related Assets</value>
 </row>
 <row id="53136" trl="N">
  <value column="Name" original="Asset Revaluation">Asset Revaluation</value>
  <value column="Description" original="Process Asset Revaluations">Process Asset Revaluations</value>
 </row>
 <row id="53139" trl="N">
  <value column="Name" original="Asset Transactions ">Asset Transactions </value>
  <value column="Description" original="Asset Transactions (Addition, Disposal, Split &amp; Transfer)" xml:space="preserve"><![CDATA[Asset Transactions (Addition, Disposal, Split & Transfer)]]></value>
 </row>
 <row id="53149" trl="Y">
  <value column="Name" original="Depreciation Processing">Обработка амортизации</value>
  <value column="Description" original="Applications to Process Fixed Assets to the GL">Приложения для обработки основных средств в журнале операций</value>
 </row>
 <row id="53155" trl="N">
  <value column="Name" original="Reporting">Reporting</value>
  <value column="Description" original="Reporting for fixed assets">Reporting for fixed assets</value>
 </row>
 <row id="53171" trl="Y">
  <value column="Name" original="Depreciation Setup">Настройка амортизации</value>
  <value column="Description" original="Applications to setup and maintain depreciation">Приложения для настройки и ведения амортизации</value>
 </row>
 <row id="53180" trl="N">
  <value column="Name" original="Forecast Management">Forecast Management</value>
  <value column="Description" original=""/>
 </row>
 <row id="53242" trl="Y">
  <value column="Name" original="Returns">Возвраты</value>
  <value column="Description" original=""/>
 </row>
 <row id="53247" trl="N">
  <value column="Name" original="EDI">EDI</value>
  <value column="Description" original=""/>
 </row>
 <row id="53296" trl="Y">
  <value column="Name" original="Manufacturing">Производство (упрощенное)</value>
  <value column="Description" original=""/>
 </row>
 <row id="53363" trl="N">
  <value column="Name" original="Sales Management">Sales Management</value>
  <value column="Description" original=""/>
 </row>
 <row id="200095" trl="N">
  <value column="Name" original="Import Template">Import Template</value>
  <value column="Description" original=""/>
 </row>
 <row id="200178" trl="Y">
  <value column="Name" original="External Authorization">Внешняя авторизация</value>
  <value column="Description" original=""/>
 </row>
 <row id="200184" trl="N">
  <value column="Name" original="Multi Factor Authentication">Multi Factor Authentication</value>
  <value column="Description" original=""/>
 </row>
</idempiereTrl>
