<?xml version="1.0" encoding="UTF-8" standalone="no"?>
<!--iDempiere(r) Release 8.2_2020-12-20 -Smart Suite ERP, CRM and SCM- (c) 1999-2021 iDempiere(r); Implementation: iDempiere - Supported by iDempiere community--><!--<!DOCTYPE idempiereTrl PUBLIC "-//ComPiere, Inc.//DTD iDempiere Translation 1.0//EN" "http://www.idempiere.com/dtd/idempiereTrl.dtd">--><idempiereTrl language="ru_RU" table="AD_Process_Para">
 <row id="133" trl="N">
  <value column="Name" original="Warehouse">Warehouse</value>
  <value column="Description" original="Storage Warehouse and Service Point">Storage Warehouse and Service Point</value>
  <value column="Help" original="The Warehouse identifies a unique Warehouse where products are stored or Services are provided.">The Warehouse identifies a unique Warehouse where products are stored or Services are provided.</value>
  <value column="Placeholder" original=""/>
  <value column="Placeholder2" original=""/>
 </row>
 <row id="134" trl="N">
  <value column="Name" original="Movement Type">Movement Type</value>
  <value column="Description" original="Method of moving the inventory">Method of moving the inventory</value>
  <value column="Help" original="The Movement Type indicates the type of movement (in, out, to production, etc)">The Movement Type indicates the type of movement (in, out, to production, etc)</value>
  <value column="Placeholder" original=""/>
  <value column="Placeholder2" original=""/>
 </row>
 <row id="139" trl="N">
  <value column="Name" original="Product">Product</value>
  <value column="Description" original="Product, Service, Item">Product, Service, Item</value>
  <value column="Help" original="Identifies an item which is either purchased or sold in this organization.">Identifies an item which is either purchased or sold in this organization.</value>
  <value column="Placeholder" original=""/>
  <value column="Placeholder2" original=""/>
 </row>
 <row id="161" trl="N">
  <value column="Name" original="Business Partner ">Business Partner </value>
  <value column="Description" original="Identifies a Business Partner">Identifies a Business Partner</value>
  <value column="Help" original="A Business Partner is anyone with whom you transact.  This can include Vendor, Customer, Employee or Salesperson">A Business Partner is anyone with whom you transact.  This can include Vendor, Customer, Employee or Salesperson</value>
  <value column="Placeholder" original=""/>
  <value column="Placeholder2" original=""/>
 </row>
 <row id="163" trl="N">
  <value column="Name" original="Business Partner ">Business Partner </value>
  <value column="Description" original="Identifies a Business Partner">Identifies a Business Partner</value>
  <value column="Help" original="A Business Partner is anyone with whom you transact.  This can include Vendor, Customer, Employee or Salesperson">A Business Partner is anyone with whom you transact.  This can include Vendor, Customer, Employee or Salesperson</value>
  <value column="Placeholder" original=""/>
  <value column="Placeholder2" original=""/>
 </row>
 <row id="172" trl="N">
  <value column="Name" original="Business Partner ">Business Partner </value>
  <value column="Description" original="Identifies a Business Partner">Identifies a Business Partner</value>
  <value column="Help" original="A Business Partner is anyone with whom you transact.  This can include Vendor, Customer, Employee or Salesperson">A Business Partner is anyone with whom you transact.  This can include Vendor, Customer, Employee or Salesperson</value>
  <value column="Placeholder" original=""/>
  <value column="Placeholder2" original=""/>
 </row>
 <row id="174" trl="N">
  <value column="Name" original="Business Partner ">Business Partner </value>
  <value column="Description" original="Identifies a Business Partner">Identifies a Business Partner</value>
  <value column="Help" original="A Business Partner is anyone with whom you transact.  This can include Vendor, Customer, Employee or Salesperson">A Business Partner is anyone with whom you transact.  This can include Vendor, Customer, Employee or Salesperson</value>
  <value column="Placeholder" original=""/>
  <value column="Placeholder2" original=""/>
 </row>
 <row id="176" trl="N">
  <value column="Name" original="Business Partner ">Business Partner </value>
  <value column="Description" original="Identifies a Business Partner">Identifies a Business Partner</value>
  <value column="Help" original="A Business Partner is anyone with whom you transact.  This can include Vendor, Customer, Employee or Salesperson">A Business Partner is anyone with whom you transact.  This can include Vendor, Customer, Employee or Salesperson</value>
  <value column="Placeholder" original=""/>
  <value column="Placeholder2" original=""/>
 </row>
 <row id="178" trl="N">
  <value column="Name" original="Business Partner ">Business Partner </value>
  <value column="Description" original="Identifies a Business Partner">Identifies a Business Partner</value>
  <value column="Help" original="A Business Partner is anyone with whom you transact.  This can include Vendor, Customer, Employee or Salesperson">A Business Partner is anyone with whom you transact.  This can include Vendor, Customer, Employee or Salesperson</value>
  <value column="Placeholder" original=""/>
  <value column="Placeholder2" original=""/>
 </row>
 <row id="179" trl="N">
  <value column="Name" original="Product Category">Product Category</value>
  <value column="Description" original="Category of a Product">Category of a Product</value>
  <value column="Help" original="Identifies the category which this product belongs to.  Product categories are used for pricing and selection.">Identifies the category which this product belongs to.  Product categories are used for pricing and selection.</value>
  <value column="Placeholder" original=""/>
  <value column="Placeholder2" original=""/>
 </row>
 <row id="180" trl="N">
  <value column="Name" original="Product">Product</value>
  <value column="Description" original="Product, Service, Item">Product, Service, Item</value>
  <value column="Help" original="Identifies an item which is either purchased or sold in this organization.">Identifies an item which is either purchased or sold in this organization.</value>
  <value column="Placeholder" original=""/>
  <value column="Placeholder2" original=""/>
 </row>
 <row id="189" trl="N">
  <value column="Name" original="Product Category">Product Category</value>
  <value column="Description" original="Category of a Product">Category of a Product</value>
  <value column="Help" original="Identifies the category which this product belongs to.  Product categories are used for pricing and selection.">Identifies the category which this product belongs to.  Product categories are used for pricing and selection.</value>
  <value column="Placeholder" original=""/>
  <value column="Placeholder2" original=""/>
 </row>
 <row id="190" trl="N">
  <value column="Name" original="Business Partner ">Business Partner </value>
  <value column="Description" original="Identifies a Business Partner">Identifies a Business Partner</value>
  <value column="Help" original="A Business Partner is anyone with whom you transact.  This can include Vendor, Customer, Employee or Salesperson">A Business Partner is anyone with whom you transact.  This can include Vendor, Customer, Employee or Salesperson</value>
  <value column="Placeholder" original=""/>
  <value column="Placeholder2" original=""/>
 </row>
 <row id="227" trl="N">
  <value column="Name" original="Delete existing Accounting Entries">Delete existing Accounting Entries</value>
  <value column="Description" original="The selected accounting entries will be deleted!  DANGEROUS !!!">The selected accounting entries will be deleted!  DANGEROUS !!!</value>
  <value column="Help" original=""/>
  <value column="Placeholder" original=""/>
  <value column="Placeholder2" original=""/>
 </row>
 <row id="233" trl="N">
  <value column="Name" original="Pricelist Version">Pricelist Version</value>
  <value column="Description" original="Only used if Price List is used to set future/standard cost price">Only used if Price List is used to set future/standard cost price</value>
  <value column="Help" original=""/>
  <value column="Placeholder" original=""/>
  <value column="Placeholder2" original=""/>
 </row>
 <row id="240" trl="N">
  <value column="Name" original="Business Partner ">Business Partner </value>
  <value column="Description" original="Identifies a Business Partner">Identifies a Business Partner</value>
  <value column="Help" original="A Business Partner is anyone with whom you transact.  This can include Vendor, Customer, Employee or Salesperson">A Business Partner is anyone with whom you transact.  This can include Vendor, Customer, Employee or Salesperson</value>
  <value column="Placeholder" original=""/>
  <value column="Placeholder2" original=""/>
 </row>
 <row id="241" trl="N">
  <value column="Name" original="Product">Product</value>
  <value column="Description" original="Product, Service, Item">Product, Service, Item</value>
  <value column="Help" original="Identifies an item which is either purchased or sold in this organization.">Identifies an item which is either purchased or sold in this organization.</value>
  <value column="Placeholder" original=""/>
  <value column="Placeholder2" original=""/>
 </row>
 <row id="302" trl="N">
  <value column="Name" original="Overwrite Payment Rule">Overwrite Payment Rule</value>
  <value column="Description" original="Overwrite how to pay the invoice">Overwrite how to pay the invoice</value>
  <value column="Help" original="The Payment Rule indicates how the incoice will be settled - you can overwrite the value from the invoice.">The Payment Rule indicates how the incoice will be settled - you can overwrite the value from the invoice.</value>
  <value column="Placeholder" original=""/>
  <value column="Placeholder2" original=""/>
 </row>
 <row id="315" trl="N">
  <value column="Name" original="From User">From User</value>
  <value column="Description" original="Send EMail from user">Send EMail from user</value>
  <value column="Help" original="The email is sent from the user selected - otherwise it is sent from the request email address of the client">The email is sent from the user selected - otherwise it is sent from the request email address of the client</value>
  <value column="Placeholder" original=""/>
  <value column="Placeholder2" original=""/>
 </row>
 <row id="452" trl="N">
  <value column="Name" original="Maintenance Mode">Maintenance Mode</value>
  <value column="Description" original="Language Maintenance Mode">Language Maintenance Mode</value>
  <value column="Help" original=""/>
  <value column="Placeholder" original=""/>
  <value column="Placeholder2" original=""/>
 </row>
 <row id="467" trl="N">
  <value column="Name" original="Existing Organization">Existing Organization</value>
  <value column="Description" original="Organizational entity within client - set to empty if you want to create a new organization">Organizational entity within client - set to empty if you want to create a new organization</value>
  <value column="Help" original="An organization is a unit of your client or legal entity - examples are store, department. You can share data between organizations.">An organization is a unit of your client or legal entity - examples are store, department. You can share data between organizations.</value>
  <value column="Placeholder" original=""/>
  <value column="Placeholder2" original=""/>
 </row>
 <row id="469" trl="N">
  <value column="Name" original="Limit Access to Role">Limit Access to Role</value>
  <value column="Description" original="If no Role is selected, grant access to all (non-manual) roles of the Client">If no Role is selected, grant access to all (non-manual) roles of the Client</value>
  <value column="Help" original="The Role determines security and access a user who has this Role will have in the System.">The Role determines security and access a user who has this Role will have in the System.</value>
  <value column="Placeholder" original=""/>
  <value column="Placeholder2" original=""/>
 </row>
 <row id="493" trl="N">
  <value column="Name" original="New User/Contact">New User/Contact</value>
  <value column="Description" original="User within the system - Internal or Business Partner Contact">User within the system - Internal or Business Partner Contact</value>
  <value column="Help" original="The User identifies a unique user in the system. This could be an internal user or a business partner contact">The User identifies a unique user in the system. This could be an internal user or a business partner contact</value>
  <value column="Placeholder" original=""/>
  <value column="Placeholder2" original=""/>
 </row>
 <row id="494" trl="N">
  <value column="Name" original="New Workflow Responsible">New Workflow Responsible</value>
  <value column="Description" original="Responsible for Workflow Execution">Responsible for Workflow Execution</value>
  <value column="Help" original="The ultimate responsibility for a workflow is with an actual user. The Workflow Responsible allows to define ways to find that actual User.">The ultimate responsibility for a workflow is with an actual user. The Workflow Responsible allows to define ways to find that actual User.</value>
  <value column="Placeholder" original=""/>
  <value column="Placeholder2" original=""/>
 </row>
 <row id="496" trl="N">
  <value column="Name" original="New User/Contact">New User/Contact</value>
  <value column="Description" original="User within the system - Internal or Business Partner Contact">User within the system - Internal or Business Partner Contact</value>
  <value column="Help" original="The User identifies a unique user in the system. This could be an internal user or a business partner contact">The User identifies a unique user in the system. This could be an internal user or a business partner contact</value>
  <value column="Placeholder" original=""/>
  <value column="Placeholder2" original=""/>
 </row>
 <row id="497" trl="N">
  <value column="Name" original="New Workflow Responsible">New Workflow Responsible</value>
  <value column="Description" original="Responsible for Workflow Execution">Responsible for Workflow Execution</value>
  <value column="Help" original="The ultimate responsibility for a workflow is with an actual user. The Workflow Responsible allows to define ways to find that actual User.">The ultimate responsibility for a workflow is with an actual user. The Workflow Responsible allows to define ways to find that actual User.</value>
  <value column="Placeholder" original=""/>
  <value column="Placeholder2" original=""/>
 </row>
 <row id="523" trl="N">
  <value column="Name" original="Default Sales Rep">Default Sales Rep</value>
  <value column="Description" original="If not defined on Business Partner Level">If not defined on Business Partner Level</value>
  <value column="Help" original=""/>
  <value column="Placeholder" original=""/>
  <value column="Placeholder2" original=""/>
 </row>
 <row id="524" trl="N">
  <value column="Name" original="Dunning Currency">Dunning Currency</value>
  <value column="Description" original="Currency to create Dunning Letters">Currency to create Dunning Letters</value>
  <value column="Help" original=""/>
  <value column="Placeholder" original=""/>
  <value column="Placeholder2" original=""/>
 </row>
 <row id="50001" trl="N">
  <value column="Name" original="Role To">Role To</value>
  <value column="Description" original="Responsibility Role">Responsibility Role</value>
  <value column="Help" original="The Role determines security and access a user who has this Role will have in the System.">The Role determines security and access a user who has this Role will have in the System.</value>
  <value column="Placeholder" original=""/>
  <value column="Placeholder2" original=""/>
 </row>
 <row id="50002" trl="N">
  <value column="Name" original="Role From">Role From</value>
  <value column="Description" original="Responsibility Role">Responsibility Role</value>
  <value column="Help" original="The Role determines security and access a user who has this Role will have in the System.">The Role determines security and access a user who has this Role will have in the System.</value>
  <value column="Placeholder" original=""/>
  <value column="Placeholder2" original=""/>
 </row>
 <row id="50008" trl="N">
  <value column="Name" original="IMAP Password">IMAP Password</value>
  <value column="Description" original=""/>
  <value column="Help" original=""/>
  <value column="Placeholder" original=""/>
  <value column="Placeholder2" original=""/>
 </row>
 <row id="50009" trl="N">
  <value column="Name" original="Request Folder">Request Folder</value>
  <value column="Description" original="After take email form inbox folder, and process it success, email will move to this folder">After take email form inbox folder, and process it success, email will move to this folder</value>
  <value column="Help" original="folder can define as hierarchy, use &quot;\&quot; to separate folder. example customer\vietnam&#10;will read email from folder vietnam under folder customer&#10;after take email form inbox folder, and process it success, email will move to this folder">folder can define as hierarchy, use "\" to separate folder. example customer\vietnam
will read email from folder vietnam under folder customer
after take email form inbox folder, and process it success, email will move to this folder</value>
  <value column="Placeholder" original=""/>
  <value column="Placeholder2" original=""/>
 </row>
 <row id="50010" trl="N">
  <value column="Name" original="Inbox Folder">Inbox Folder</value>
  <value column="Description" original="Mail folder, where process will take email and make request">Mail folder, where process will take email and make request</value>
  <value column="Help" original="folder can define as hierarchy, use &quot;\&quot; to separate folder. example customer\vietnam&#10;will read email from folder vietnam under folder customer">folder can define as hierarchy, use "\" to separate folder. example customer\vietnam
will read email from folder vietnam under folder customer</value>
  <value column="Placeholder" original=""/>
  <value column="Placeholder2" original=""/>
 </row>
 <row id="50011" trl="N">
  <value column="Name" original="Error Folder">Error Folder</value>
  <value column="Description" original="Mail folder to push unsuccess email  ">Mail folder to push unsuccess email  </value>
  <value column="Help" original="folder can define as hierarchy, use &quot;\&quot; to separate folder. example customer\error\vietnam&#10;will puss email can't process to folder vietnam under folder error under folder customer">folder can define as hierarchy, use "\" to separate folder. example customer\error\vietnam
will puss email can't process to folder vietnam under folder error under folder customer</value>
  <value column="Placeholder" original=""/>
  <value column="Placeholder2" original=""/>
 </row>
 <row id="50019" trl="N">
  <value column="Name" original="Shipment Date">Shipment Date</value>
  <value column="Description" original="Date printed on shipment">Date printed on shipment</value>
  <value column="Help" original="The Shipment Date indicates the date printed on the shipment.">The Shipment Date indicates the date printed on the shipment.</value>
  <value column="Placeholder" original=""/>
  <value column="Placeholder2" original=""/>
 </row>
 <row id="53011" trl="N">
  <value column="Name" original="Print Unprocessed Entries Only">Print Unprocessed Entries Only</value>
  <value column="Description" original="Print the unprocessed (unprinted) entries of the dunning run only.">Print the unprocessed (unprinted) entries of the dunning run only.</value>
  <value column="Help" original="Print the unprocessed (unprinted) entries of the dunning run only. This allows you to reprint only certain dunning entries.">Print the unprocessed (unprinted) entries of the dunning run only. This allows you to reprint only certain dunning entries.</value>
  <value column="Placeholder" original=""/>
  <value column="Placeholder2" original=""/>
 </row>
 <row id="53025" trl="N">
  <value column="Name" original="Purchase Price List Version">Purchase Price List Version</value>
  <value column="Description" original=""/>
  <value column="Help" original=""/>
  <value column="Placeholder" original=""/>
  <value column="Placeholder2" original=""/>
 </row>
 <row id="53030" trl="N">
  <value column="Name" original="New Product">New Product</value>
  <value column="Description" original=""/>
  <value column="Help" original=""/>
  <value column="Placeholder" original=""/>
  <value column="Placeholder2" original=""/>
 </row>
 <row id="53032" trl="N">
  <value column="Name" original="Action">Action</value>
  <value column="Description" original=""/>
  <value column="Help" original=""/>
  <value column="Placeholder" original=""/>
  <value column="Placeholder2" original=""/>
 </row>
 <row id="53066" trl="N">
  <value column="Name" original="Is Print Pack &amp; Tools List" xml:space="preserve"><![CDATA[Is Print Pack & Tools List]]></value>
  <value column="Description" original=""/>
  <value column="Help" original=""/>
  <value column="Placeholder" original=""/>
  <value column="Placeholder2" original=""/>
 </row>
 <row id="53068" trl="N">
  <value column="Name" original="Is Print Pick List">Is Print Pick List</value>
  <value column="Description" original=""/>
  <value column="Help" original=""/>
  <value column="Placeholder" original=""/>
  <value column="Placeholder2" original=""/>
 </row>
 <row id="53069" trl="N">
  <value column="Name" original="Is Print Workflow">Is Print Workflow</value>
  <value column="Description" original=""/>
  <value column="Help" original=""/>
  <value column="Placeholder" original=""/>
  <value column="Placeholder2" original=""/>
 </row>
 <row id="53127" trl="N">
  <value column="Name" original="Generate Fields">Generate Fields</value>
  <value column="Description" original=""/>
  <value column="Help" original=""/>
  <value column="Placeholder" original=""/>
  <value column="Placeholder2" original=""/>
 </row>
 <row id="53131" trl="N">
  <value column="Name" original="Scripts Path">Scripts Path</value>
  <value column="Description" original=""/>
  <value column="Help" original=""/>
  <value column="Placeholder" original=""/>
  <value column="Placeholder2" original=""/>
 </row>
 <row id="53142" trl="N">
  <value column="Name" original="Includes only the Tabs that Insert records">Includes only the Tabs that Insert records</value>
  <value column="Description" original="Generated Export Format for the Tabs with Insert Record is Yes">Generated Export Format for the Tabs with Insert Record is Yes</value>
  <value column="Help" original=""/>
  <value column="Placeholder" original=""/>
  <value column="Placeholder2" original=""/>
 </row>
 <row id="53143" trl="N">
  <value column="Name" original="Includes only the mandatory columns">Includes only the mandatory columns</value>
  <value column="Description" original="Generated an Export Format Line  if the column is mandatory ">Generated an Export Format Line  if the column is mandatory </value>
  <value column="Help" original=""/>
  <value column="Placeholder" original=""/>
  <value column="Placeholder2" original=""/>
 </row>
 <row id="53219" trl="N">
  <value column="Name" original="Based in DRP Demand">Based in DRP Demand</value>
  <value column="Description" original="Based in DRP Demand">Based in DRP Demand</value>
  <value column="Help" original=""/>
  <value column="Placeholder" original=""/>
  <value column="Placeholder2" original=""/>
 </row>
 <row id="53232" trl="N">
  <value column="Name" original="Bank Account From">Bank Account From</value>
  <value column="Description" original=""/>
  <value column="Help" original=""/>
  <value column="Placeholder" original=""/>
  <value column="Placeholder2" original=""/>
 </row>
 <row id="53233" trl="N">
  <value column="Name" original="Bank Account To">Bank Account To</value>
  <value column="Description" original=""/>
  <value column="Help" original=""/>
  <value column="Placeholder" original=""/>
  <value column="Placeholder2" original=""/>
 </row>
 <row id="53243" trl="N">
  <value column="Name" original="Valid from">Valid from</value>
  <value column="Description" original="Valid from including this date (first day)">Valid from including this date (first day)</value>
  <value column="Help" original="The Valid From date indicates the first day of a date range">The Valid From date indicates the first day of a date range</value>
  <value column="Placeholder" original=""/>
  <value column="Placeholder2" original=""/>
 </row>
 <row id="53246" trl="N">
  <value column="Name" original="Bank Account From">Bank Account From</value>
  <value column="Description" original=""/>
  <value column="Help" original=""/>
  <value column="Placeholder" original=""/>
  <value column="Placeholder2" original=""/>
 </row>
 <row id="53247" trl="N">
  <value column="Name" original="Bank Account To">Bank Account To</value>
  <value column="Description" original=""/>
  <value column="Help" original=""/>
  <value column="Placeholder" original=""/>
  <value column="Placeholder2" original=""/>
 </row>
 <row id="53263" trl="N">
  <value column="Name" original="Account Date">Account Date</value>
  <value column="Description" original="Optional account date range">Optional account date range</value>
  <value column="Help" original="Only documents within this date range which are also in open periods will be reset.">Only documents within this date range which are also in open periods will be reset.</value>
  <value column="Placeholder" original="From">From</value>
  <value column="Placeholder2" original="To">To</value>
 </row>
 <row id="53282" trl="N">
  <value column="Name" original="Client Name">Client Name</value>
  <value column="Description" original=""/>
  <value column="Help" original=""/>
  <value column="Placeholder" original=""/>
  <value column="Placeholder2" original=""/>
 </row>
 <row id="53284" trl="N">
  <value column="Name" original="Administrative User Name">Administrative User Name</value>
  <value column="Description" original=""/>
  <value column="Help" original=""/>
  <value column="Placeholder" original=""/>
  <value column="Placeholder2" original=""/>
 </row>
 <row id="53285" trl="N">
  <value column="Name" original="Normal User Name">Normal User Name</value>
  <value column="Description" original=""/>
  <value column="Help" original=""/>
  <value column="Placeholder" original=""/>
  <value column="Placeholder2" original=""/>
 </row>
 <row id="53289" trl="N">
  <value column="Name" original="City Name">City Name</value>
  <value column="Description" original=""/>
  <value column="Help" original=""/>
  <value column="Placeholder" original=""/>
  <value column="Placeholder2" original=""/>
 </row>
 <row id="53291" trl="N">
  <value column="Name" original="BP Accounting">BP Accounting</value>
  <value column="Description" original="Use BP accounting dimension">Use BP accounting dimension</value>
  <value column="Help" original="Define if this client will use business partner accounting dimension.  This can be changed later in Accounting Schema window of the client.">Define if this client will use business partner accounting dimension.  This can be changed later in Accounting Schema window of the client.</value>
  <value column="Placeholder" original=""/>
  <value column="Placeholder2" original=""/>
 </row>
 <row id="53292" trl="N">
  <value column="Name" original="Product Accounting">Product Accounting</value>
  <value column="Description" original="Use Product accounting dimension">Use Product accounting dimension</value>
  <value column="Help" original="Define if this client will use product accounting dimension.  This can be changed later in Accounting Schema window of the client.">Define if this client will use product accounting dimension.  This can be changed later in Accounting Schema window of the client.</value>
  <value column="Placeholder" original=""/>
  <value column="Placeholder2" original=""/>
 </row>
 <row id="53293" trl="N">
  <value column="Name" original="Project Accounting">Project Accounting</value>
  <value column="Description" original="Use Project accounting dimension">Use Project accounting dimension</value>
  <value column="Help" original="Define if this client will use project accounting dimension.  This can be changed later in Accounting Schema window of the client.">Define if this client will use project accounting dimension.  This can be changed later in Accounting Schema window of the client.</value>
  <value column="Placeholder" original=""/>
  <value column="Placeholder2" original=""/>
 </row>
 <row id="53294" trl="N">
  <value column="Name" original="Campaign Accounting">Campaign Accounting</value>
  <value column="Description" original="Use Campaign accounting dimension">Use Campaign accounting dimension</value>
  <value column="Help" original="Define if this client will use campaign accounting dimension.  This can be changed later in Accounting Schema window of the client.">Define if this client will use campaign accounting dimension.  This can be changed later in Accounting Schema window of the client.</value>
  <value column="Placeholder" original=""/>
  <value column="Placeholder2" original=""/>
 </row>
 <row id="53295" trl="N">
  <value column="Name" original="Sales Region Accounting">Sales Region Accounting</value>
  <value column="Description" original="Use Sales Region accounting dimension">Use Sales Region accounting dimension</value>
  <value column="Help" original="Define if this client will use sales region accounting dimension.  This can be changed later in Accounting Schema window of the client.">Define if this client will use sales region accounting dimension.  This can be changed later in Accounting Schema window of the client.</value>
  <value column="Placeholder" original=""/>
  <value column="Placeholder2" original=""/>
 </row>
 <row id="53296" trl="N">
  <value column="Name" original="Chart of Accounts File">Chart of Accounts File</value>
  <value column="Description" original="Location of the chart of accounts to be used with this client.  At this stage just the default accounts will be created.">Location of the chart of accounts to be used with this client.  At this stage just the default accounts will be created.</value>
  <value column="Help" original=""/>
  <value column="Placeholder" original=""/>
  <value column="Placeholder2" original=""/>
 </row>
 <row id="53314" trl="N">
  <value column="Name" original="Full rebuild">Full rebuild</value>
  <value column="Description" original="Delete all existing summary data and recalculate.">Delete all existing summary data and recalculate.</value>
  <value column="Help" original="If not selected, only those periods with recently posted accounting facts will be recalculated.">If not selected, only those periods with recently posted accounting facts will be recalculated.</value>
  <value column="Placeholder" original=""/>
  <value column="Placeholder2" original=""/>
 </row>
 <row id="53316" trl="N">
  <value column="Name" original="Force">Force</value>
  <value column="Description" original="Force rebuild of cube even if locked.">Force rebuild of cube even if locked.</value>
  <value column="Help" original=""/>
  <value column="Placeholder" original=""/>
  <value column="Placeholder2" original=""/>
 </row>
 <row id="53485" trl="N">
  <value column="Name" original="Periodicity">Periodicity</value>
  <value column="Description" original=""/>
  <value column="Help" original=""/>
  <value column="Placeholder" original=""/>
  <value column="Placeholder2" original=""/>
 </row>
 <row id="53486" trl="N">
  <value column="Name" original="Repetitions">Repetitions</value>
  <value column="Description" original=""/>
  <value column="Help" original=""/>
  <value column="Placeholder" original=""/>
  <value column="Placeholder2" original=""/>
 </row>
 <row id="53516" trl="N">
  <value column="Name" original="Recreate">Recreate</value>
  <value column="Description" original="Overwrite existing production lines">Overwrite existing production lines</value>
  <value column="Help" original=""/>
  <value column="Placeholder" original=""/>
  <value column="Placeholder2" original=""/>
 </row>
 <row id="53517" trl="N">
  <value column="Name" original="Production Quantity">Production Quantity</value>
  <value column="Description" original="Quantity of products to produce">Quantity of products to produce</value>
  <value column="Help" original="The Production Quantity identifies the number of products to produce">The Production Quantity identifies the number of products to produce</value>
  <value column="Placeholder" original=""/>
  <value column="Placeholder2" original=""/>
 </row>
 <row id="53526" trl="N">
  <value column="Name" original="Is Kanban">Is Kanban</value>
  <value column="Description" original=""/>
  <value column="Help" original=""/>
  <value column="Placeholder" original=""/>
  <value column="Placeholder2" original=""/>
 </row>
 <row id="53582" trl="N">
  <value column="Name" original="CreateOpportunity">CreateOpportunity</value>
  <value column="Description" original="Create Opportunity">Create Opportunity</value>
  <value column="Help" original="Create a new Sales Opportunity when converting a lead">Create a new Sales Opportunity when converting a lead</value>
  <value column="Placeholder" original=""/>
  <value column="Placeholder2" original=""/>
 </row>
 <row id="200005" trl="N">
  <value column="Name" original="New EMail Confirm">New EMail Confirm</value>
  <value column="Description" original=""/>
  <value column="Help" original=""/>
  <value column="Placeholder" original=""/>
  <value column="Placeholder2" original=""/>
 </row>
 <row id="200007" trl="N">
  <value column="Name" original="Reset Existing Access">Reset Existing Access</value>
  <value column="Description" original="Reset Existing Access">Reset Existing Access</value>
  <value column="Help" original=""/>
  <value column="Placeholder" original=""/>
  <value column="Placeholder2" original=""/>
 </row>
 <row id="200055" trl="N">
  <value column="Name" original="Product">Product</value>
  <value column="Description" original="Please enter the product (component) you wish to search for">Please enter the product (component) you wish to search for</value>
  <value column="Help" original=""/>
  <value column="Placeholder" original=""/>
  <value column="Placeholder2" original=""/>
 </row>
 <row id="200060" trl="N">
  <value column="Name" original="Financial Year Month">Financial Year Month</value>
  <value column="Description" original="The only valid date format is: YYYY-MM">The only valid date format is: YYYY-MM</value>
  <value column="Help" original="The only valid date format is: YYYY-MM">The only valid date format is: YYYY-MM</value>
  <value column="Placeholder" original="From">From</value>
  <value column="Placeholder2" original="To">To</value>
 </row>
 <row id="200062" trl="N">
  <value column="Name" original="Financial Year Month">Financial Year Month</value>
  <value column="Description" original="The only valid date format is: YYYY-MM">The only valid date format is: YYYY-MM</value>
  <value column="Help" original="The only valid date format is: YYYY-MM">The only valid date format is: YYYY-MM</value>
  <value column="Placeholder" original="From">From</value>
  <value column="Placeholder2" original="To">To</value>
 </row>
 <row id="200071" trl="N">
  <value column="Name" original="Document Type">Document Type</value>
  <value column="Description" original="Inventory Cost Adjustment Document Type">Inventory Cost Adjustment Document Type</value>
  <value column="Help" original=""/>
  <value column="Placeholder" original=""/>
  <value column="Placeholder2" original=""/>
 </row>
 <row id="200074" trl="N">
  <value column="Name" original="Administrative User Email">Administrative User Email</value>
  <value column="Description" original=""/>
  <value column="Help" original=""/>
  <value column="Placeholder" original=""/>
  <value column="Placeholder2" original=""/>
 </row>
 <row id="200075" trl="N">
  <value column="Name" original="Normal User Email">Normal User Email</value>
  <value column="Description" original=""/>
  <value column="Help" original=""/>
  <value column="Placeholder" original=""/>
  <value column="Placeholder2" original=""/>
 </row>
 <row id="200077" trl="N">
  <value column="Name" original="Created Since">Created Since</value>
  <value column="Description" original=""/>
  <value column="Help" original=""/>
  <value column="Placeholder" original=""/>
  <value column="Placeholder2" original=""/>
 </row>
 <row id="200084" trl="N">
  <value column="Name" original="Use Default CoA">Use Default CoA</value>
  <value column="Description" original="Use Default Chart of Accounts">Use Default Chart of Accounts</value>
  <value column="Help" original=""/>
  <value column="Placeholder" original=""/>
  <value column="Placeholder2" original=""/>
 </row>
 <row id="200085" trl="N">
  <value column="Name" original="Activity Accounting">Activity Accounting</value>
  <value column="Description" original="Use Activity accounting dimension">Use Activity accounting dimension</value>
  <value column="Help" original="Define if this client will use activity accounting dimension.  This can be changed later in Accounting Schema window of the client.">Define if this client will use activity accounting dimension.  This can be changed later in Accounting Schema window of the client.</value>
  <value column="Placeholder" original=""/>
  <value column="Placeholder2" original=""/>
 </row>
 <row id="200086" trl="N">
  <value column="Name" original="Inactivate Defaults">Inactivate Defaults</value>
  <value column="Description" original="Inactivate Defaults after Created">Inactivate Defaults after Created</value>
  <value column="Help" original=""/>
  <value column="Placeholder" original=""/>
  <value column="Placeholder2" original=""/>
 </row>
 <row id="200102" trl="N">
  <value column="Name" original="Cost Adjustment Document Type">Cost Adjustment Document Type</value>
  <value column="Description" original=""/>
  <value column="Help" original=""/>
  <value column="Placeholder" original=""/>
  <value column="Placeholder2" original=""/>
 </row>
 <row id="200121" trl="N">
  <value column="Name" original="Inbox As Root Folder">Inbox As Root Folder</value>
  <value column="Description" original="True if other folder (request, error,..) occupy in inbox folder">True if other folder (request, error,..) occupy in inbox folder</value>
  <value column="Help" original="Some email server as outlook, every folder occupy in inbox, with web mail as google, we easy create my folder outside inbox folder.&#10;this field define where request, error,.. occupy.">Some email server as outlook, every folder occupy in inbox, with web mail as google, we easy create my folder outside inbox folder.
this field define where request, error,.. occupy.</value>
  <value column="Placeholder" original=""/>
  <value column="Placeholder2" original=""/>
 </row>
 <row id="200226" trl="N">
  <value column="Name" original="Folder">Folder</value>
  <value column="Description" original="Path on the server where the pack in files are located">Path on the server where the pack in files are located</value>
  <value column="Help" original=""/>
  <value column="Placeholder" original=""/>
  <value column="Placeholder2" original=""/>
 </row>
 <row id="200287" trl="N">
  <value column="Name" original="Client">Client</value>
  <value column="Description" original="Client/Tenant for this installation.">Client/Tenant for this installation.</value>
  <value column="Help" original="A Client is a company or a legal entity. You cannot share data between Clients. Tenant is a synonym for Client.">A Client is a company or a legal entity. You cannot share data between Clients. Tenant is a synonym for Client.</value>
  <value column="Placeholder" original=""/>
  <value column="Placeholder2" original=""/>
 </row>
 <row id="200293" trl="N">
  <value column="Name" original="Delete old/existing files">Delete old/existing files</value>
  <value column="Description" original="Delete the records from the old storage provider after moved">Delete the records from the old storage provider after moved</value>
  <value column="Help" original="WARNING!  This option cannot be rolled back!  Be cautious, take backups.  If not enabled, the system administrator can/must remove manually the old files from the previous storage provider later.">WARNING!  This option cannot be rolled back!  Be cautious, take backups.  If not enabled, the system administrator can/must remove manually the old files from the previous storage provider later.</value>
  <value column="Placeholder" original=""/>
  <value column="Placeholder2" original=""/>
 </row>
 <row id="200359" trl="N">
  <value column="Name" original="Create 'Value' column">Create 'Value' column</value>
  <value column="Description" original=""/>
  <value column="Help" original=""/>
  <value column="Placeholder" original=""/>
  <value column="Placeholder2" original=""/>
 </row>
 <row id="200360" trl="N">
  <value column="Name" original="Create 'Name' column">Create 'Name' column</value>
  <value column="Description" original=""/>
  <value column="Help" original=""/>
  <value column="Placeholder" original=""/>
  <value column="Placeholder2" original=""/>
 </row>
 <row id="200361" trl="N">
  <value column="Name" original="Create KeyColumn">Create KeyColumn</value>
  <value column="Description" original=""/>
  <value column="Help" original=""/>
  <value column="Placeholder" original=""/>
  <value column="Placeholder2" original=""/>
 </row>
 <row id="200362" trl="N">
  <value column="Name" original="Create a Workflow">Create a Workflow</value>
  <value column="Description" original=""/>
  <value column="Help" original=""/>
  <value column="Placeholder" original=""/>
  <value column="Placeholder2" original=""/>
 </row>
 <row id="200363" trl="N">
  <value column="Name" original="Create a Translation Table">Create a Translation Table</value>
  <value column="Description" original=""/>
  <value column="Help" original=""/>
  <value column="Placeholder" original=""/>
  <value column="Placeholder2" original=""/>
 </row>
 <row id="200364" trl="N">
  <value column="Name" original="Create 'Description' column">Create 'Description' column</value>
  <value column="Description" original=""/>
  <value column="Help" original=""/>
  <value column="Placeholder" original=""/>
  <value column="Placeholder2" original=""/>
 </row>
 <row id="200365" trl="N">
  <value column="Name" original="Create 'Help' column">Create 'Help' column</value>
  <value column="Description" original=""/>
  <value column="Help" original=""/>
  <value column="Placeholder" original=""/>
  <value column="Placeholder2" original=""/>
 </row>
 <row id="200366" trl="N">
  <value column="Name" original="Create 'DocumentNo' column">Create 'DocumentNo' column</value>
  <value column="Description" original=""/>
  <value column="Help" original=""/>
  <value column="Placeholder" original=""/>
  <value column="Placeholder2" original=""/>
 </row>
 <row id="200367" trl="N">
  <value column="Name" original="Create 'DocAction' column">Create 'DocAction' column</value>
  <value column="Description" original=""/>
  <value column="Help" original=""/>
  <value column="Placeholder" original=""/>
  <value column="Placeholder2" original=""/>
 </row>
 <row id="200368" trl="N">
  <value column="Name" original="Create 'DocStatus' column">Create 'DocStatus' column</value>
  <value column="Description" original=""/>
  <value column="Help" original=""/>
  <value column="Placeholder" original=""/>
  <value column="Placeholder2" original=""/>
 </row>
 <row id="200369" trl="N">
  <value column="Name" original="Create 'Processed' column">Create 'Processed' column</value>
  <value column="Description" original=""/>
  <value column="Help" original=""/>
  <value column="Placeholder" original=""/>
  <value column="Placeholder2" original=""/>
 </row>
 <row id="200370" trl="N">
  <value column="Name" original="Create 'ProcessedOn' column">Create 'ProcessedOn' column</value>
  <value column="Description" original=""/>
  <value column="Help" original=""/>
  <value column="Placeholder" original=""/>
  <value column="Placeholder2" original=""/>
 </row>
 <row id="200371" trl="N">
  <value column="Name" original="Create 'Processing' column">Create 'Processing' column</value>
  <value column="Description" original=""/>
  <value column="Help" original=""/>
  <value column="Placeholder" original=""/>
  <value column="Placeholder2" original=""/>
 </row>
 <row id="200372" trl="N">
  <value column="Name" original="Create 'C_DocTypeTarget_ID' column">Create 'C_DocTypeTarget_ID' column</value>
  <value column="Description" original=""/>
  <value column="Help" original=""/>
  <value column="Placeholder" original=""/>
  <value column="Placeholder2" original=""/>
 </row>
 <row id="200373" trl="N">
  <value column="Name" original="Create 'C_DocType_ID' column">Create 'C_DocType_ID' column</value>
  <value column="Description" original=""/>
  <value column="Help" original=""/>
  <value column="Placeholder" original=""/>
  <value column="Placeholder2" original=""/>
 </row>
 <row id="200374" trl="N">
  <value column="Name" original="Create 'C_Currency_ID' column">Create 'C_Currency_ID' column</value>
  <value column="Description" original=""/>
  <value column="Help" original=""/>
  <value column="Placeholder" original=""/>
  <value column="Placeholder2" original=""/>
 </row>
 <row id="200375" trl="N">
  <value column="Name" original="Create 'DateTrx' column">Create 'DateTrx' column</value>
  <value column="Description" original=""/>
  <value column="Help" original=""/>
  <value column="Placeholder" original=""/>
  <value column="Placeholder2" original=""/>
 </row>
 <row id="200376" trl="N">
  <value column="Name" original="Create 'DateAcct' column">Create 'DateAcct' column</value>
  <value column="Description" original=""/>
  <value column="Help" original=""/>
  <value column="Placeholder" original=""/>
  <value column="Placeholder2" original=""/>
 </row>
 <row id="200377" trl="N">
  <value column="Name" original="Create 'Posted' column">Create 'Posted' column</value>
  <value column="Description" original=""/>
  <value column="Help" original=""/>
  <value column="Placeholder" original=""/>
  <value column="Placeholder2" original=""/>
 </row>
 <row id="200378" trl="N">
  <value column="Name" original="Create 'IsApproved' column">Create 'IsApproved' column</value>
  <value column="Description" original=""/>
  <value column="Help" original=""/>
  <value column="Placeholder" original=""/>
  <value column="Placeholder2" original=""/>
 </row>
 <row id="200379" trl="N">
  <value column="Name" original="Create 'SalesRep_ID' column">Create 'SalesRep_ID' column</value>
  <value column="Description" original=""/>
  <value column="Help" original=""/>
  <value column="Placeholder" original=""/>
  <value column="Placeholder2" original=""/>
 </row>
 <row id="200380" trl="N">
  <value column="Name" original="Create 'AD_User_ID' column">Create 'AD_User_ID' column</value>
  <value column="Description" original=""/>
  <value column="Help" original=""/>
  <value column="Placeholder" original=""/>
  <value column="Placeholder2" original=""/>
 </row>
</idempiereTrl>
