<?xml version="1.0" encoding="UTF-8" standalone="no"?>
<!--iDempiere(r) Release 8.2_2020-12-20 -Smart Suite ERP, CRM and SCM- (c) 1999-2021 iDempiere(r); Implementation: iDempiere - Supported by iDempiere community--><!--<!DOCTYPE idempiereTrl PUBLIC "-//ComPiere, Inc.//DTD iDempiere Translation 1.0//EN" "http://www.idempiere.com/dtd/idempiereTrl.dtd">--><idempiereTrl language="ru_RU" table="AD_Task">
 <row id="102" trl="N">
  <value column="Name" original="Java Version">Java Version</value>
  <value column="Description" original="Displays the version of the default Java VM">Displays the version of the default Java VM</value>
  <value column="Help" original="The java version used by the application might be different.">The java version used by the application might be different.</value>
 </row>
 <row id="103" trl="N">
  <value column="Name" original="Database export">Database export</value>
  <value column="Description" original="Export (save) the database">Export (save) the database</value>
  <value column="Help" original="Run this command from the server">Run this command from the server</value>
 </row>
 <row id="104" trl="N">
  <value column="Name" original="Database transfer">Database transfer</value>
  <value column="Description" original="Transfer the database">Transfer the database</value>
  <value column="Help" original="Run this command from the server">Run this command from the server</value>
 </row>
</idempiereTrl>
