<?xml version="1.0" encoding="UTF-8" standalone="no"?>
<!--iDempiere(r) Release 8.2_2020-12-20 -Smart Suite ERP, CRM and SCM- (c) 1999-2021 iDempiere(r); Implementation: iDempiere - Supported by iDempiere community--><!--<!DOCTYPE idempiereTrl PUBLIC "-//ComPiere, Inc.//DTD iDempiere Translation 1.0//EN" "http://www.idempiere.com/dtd/idempiereTrl.dtd">--><idempiereTrl language="ru_RU" table="AD_Workflow">
 <row id="101" trl="N">
  <value column="Name" original="Project Setup and Use">Project Setup and Use</value>
  <value column="Description" original="Setup of projects and project reporting">Setup of projects and project reporting</value>
  <value column="Help" original="Projects allow to monitor the status and progress of sales opportunities, service projects and investment projects. A Project is a process that is undertaken which can involve multiple steps or phases and require resources from more than one area.">Projects allow to monitor the status and progress of sales opportunities, service projects and investment projects. A Project is a process that is undertaken which can involve multiple steps or phases and require resources from more than one area.</value>
 </row>
 <row id="103" trl="Y">
  <value column="Name" original="Language Setup">Настройка языка</value>
  <value column="Description" original="Setup a new Language of the system and translate elements">Установить новый язык системы и перевести элементы</value>
  <value column="Help" original="Define a new language as a system language.">Установить новый язык как системный.</value>
 </row>
 <row id="104" trl="N">
  <value column="Name" original="Initial Client Setup Review">Initial Client Setup Review</value>
  <value column="Description" original="Review of system level setup of a new  Client">Review of system level setup of a new  Client</value>
  <value column="Help" original="This workflow reviews the system setup of a new client as performed by the automatic Initial Client Setup.&#10;You may want to check also the following Workflows:&#10;- Accounting Setup&#10;- Business Partner Setup&#10;- Product Setup&#10;- Price list Setup&#10;- Warehouse Setup&#10;- Tax Setup">This workflow reviews the system setup of a new client as performed by the automatic Initial Client Setup.
You may want to check also the following Workflows:
- Accounting Setup
- Business Partner Setup
- Product Setup
- Price list Setup
- Warehouse Setup
- Tax Setup</value>
 </row>
 <row id="105" trl="N">
  <value column="Name" original="Accounting Setup">Accounting Setup</value>
  <value column="Description" original="Review and change Accounting Setup">Review and change Accounting Setup</value>
  <value column="Help" original="This workflow allows you to review and change your Accounting Rules. ">This workflow allows you to review and change your Accounting Rules. </value>
 </row>
 <row id="106" trl="N">
  <value column="Name" original="Business Partner Setup">Business Partner Setup</value>
  <value column="Description" original="Setup Business Partner Rules">Setup Business Partner Rules</value>
  <value column="Help" original="This workflow defines the Business Partners and the supporting rules.">This workflow defines the Business Partners and the supporting rules.</value>
 </row>
 <row id="107" trl="N">
  <value column="Name" original="Product Setup">Product Setup</value>
  <value column="Description" original="Set up Products">Set up Products</value>
  <value column="Help" original="Define your products manually. You should verify the settings especially if you import your products.">Define your products manually. You should verify the settings especially if you import your products.</value>
 </row>
 <row id="108" trl="N">
  <value column="Name" original="Price List Setup">Price List Setup</value>
  <value column="Description" original="Define your Price Lists and Discounts">Define your Price Lists and Discounts</value>
  <value column="Help" original="You define your price lists after entering or importing your products. In addition to price lists, you can define discounts for business partners.  Assign specific Price Lists and Discounst to Business Partners.">You define your price lists after entering or importing your products. In addition to price lists, you can define discounts for business partners.  Assign specific Price Lists and Discounst to Business Partners.</value>
 </row>
 <row id="109" trl="Y">
  <value column="Name" original="Replication Setup">Настройка репликации</value>
  <value column="Description" original="Setup of data replication">Настройка репликации данных</value>
  <value column="Help" original="Data Replication allows you to synchronize data of remote instances with a central office.  All actions are initialized from the central office.&lt;p&gt;&#10;&lt;b&gt;Central System:&lt;/b&gt;&lt;br&gt;&#10;- setup system with all organizations, roles, etc.&lt;br&gt;&#10;- run the migration to make sure that it is up-to-date&lt;br&gt;&#10;- export the central system&#10;&lt;p&gt;&#10;&lt;b&gt;Remote System:&lt;/b&gt;&#10;- install the exact version as Central System&lt;br&gt;&#10;- import data from Central System in the remote locations&#10;&lt;p&gt;&#10;&lt;b&gt;Central System:&lt;/b&gt;&#10;- Define Replication per Remote&lt;br&gt;&#10;- Make sure that the ID range is unique per remote - otherwise you will loose transactions!&lt;br&gt;&#10;- Initially Start the Replication Run to setup Remote&#10;&lt;p&gt;&#10;** Enter Transactions **&#10;&lt;p&gt;&#10;&lt;b&gt;Central System:&lt;/b&gt;&lt;br&gt;&#10;- Start the Replication Run when required" xml:space="preserve"><![CDATA[<p>Репликация данных позволяет синхронизировать данные удаленных экземпляров с центральным офисом. Все действия инициализируются из центрального офиса.</p>

<p><b>Центральная Система:</b><br />
- система настройки со всеми организациями, ролями и т. д.<br />
- запустите миграцию, чтобы убедиться, что она актуальна<br />
- экспортировать центральную систему</p>

<p><b>Удаленная Система:</b><br />
- установить точную версию как центральную систему<br />
- импортировать данные из центральной системы в удаленные места</p>

<p><b>Центральная Система:</b><br />
- Определить репликацию для каждого пульта дистанционного управления<br />
- Убедитесь, что диапазон идентификаторов уникален для каждого пульта - иначе вы потеряете транзакции!<br />
- Первоначально запустите репликацию, чтобы настроить удаленный доступ.</p>

<p>** Ввод транзакций **</p>

<p><b>Центральная Система:</b><br />
- При необходимости запустите репликацию</p>
]]></value>
 </row>
 <row id="110" trl="N">
  <value column="Name" original="Tax Setup">Tax Setup</value>
  <value column="Description" original="Setup tax calculation">Setup tax calculation</value>
  <value column="Help" original="Setup the tax calculation for products, services and charges">Setup the tax calculation for products, services and charges</value>
 </row>
 <row id="111" trl="N">
  <value column="Name" original="Sales Setup">Sales Setup</value>
  <value column="Description" original="Setup Sales">Setup Sales</value>
  <value column="Help" original="Setting up Sales Representatives, Commissions as well as Marketing Channels and Campaigns.">Setting up Sales Representatives, Commissions as well as Marketing Channels and Campaigns.</value>
 </row>
 <row id="112" trl="N">
  <value column="Name" original="Performance Measurement Setup">Performance Measurement Setup</value>
  <value column="Description" original="Setup your Performance Measurement">Setup your Performance Measurement</value>
  <value column="Help" original="This workflow guides you through setting up your performance measurement based on Key Performance Indicators, Balanced Scorecard, etc.&#10;&#10;Most important: Do your analysis first!&#10;- What are your goals and how do you measure it?&#10;&#10;When you are setting up the system, you do it in reverse:&#10;First you define how you measure it and last you define the goals for the measurements.&#10;You have three ways measuring performance:&#10;- via quantifiable measures (e.g. sales of $3 million in Q1)&#10;- via manual measures&#10;- via achievements (tasks)&#10;&#10;The system converts the measures into percentages (based on the target and achieved measure - or number of total and reached achievements)">This workflow guides you through setting up your performance measurement based on Key Performance Indicators, Balanced Scorecard, etc.

Most important: Do your analysis first!
- What are your goals and how do you measure it?

When you are setting up the system, you do it in reverse:
First you define how you measure it and last you define the goals for the measurements.
You have three ways measuring performance:
- via quantifiable measures (e.g. sales of $3 million in Q1)
- via manual measures
- via achievements (tasks)

The system converts the measures into percentages (based on the target and achieved measure - or number of total and reached achievements)</value>
 </row>
 <row id="113" trl="N">
  <value column="Name" original="Request Setup">Request Setup</value>
  <value column="Description" original="Set up the client to process requests">Set up the client to process requests</value>
  <value column="Help" original=""/>
 </row>
 <row id="114" trl="N">
  <value column="Name" original="Requisition Setup">Requisition Setup</value>
  <value column="Description" original=""/>
  <value column="Help" original=""/>
 </row>
 <row id="115" trl="N">
  <value column="Name" original="Process_Requisition">Process_Requisition</value>
  <value column="Description" original="(Standard Process_Requisition)">(Standard Process_Requisition)</value>
  <value column="Help" original=""/>
 </row>
 <row id="116" trl="N">
  <value column="Name" original="Process_Order">Process_Order</value>
  <value column="Description" original="(Standard Process Order)">(Standard Process Order)</value>
  <value column="Help" original=""/>
 </row>
 <row id="117" trl="N">
  <value column="Name" original="Process_Shipment">Process_Shipment</value>
  <value column="Description" original="(Standard Process Shipment)">(Standard Process Shipment)</value>
  <value column="Help" original=""/>
 </row>
 <row id="118" trl="N">
  <value column="Name" original="Process_Invoice">Process_Invoice</value>
  <value column="Description" original="(Standard Process Invoice)">(Standard Process Invoice)</value>
  <value column="Help" original=""/>
 </row>
 <row id="119" trl="N">
  <value column="Name" original="Process_Cash">Process_Cash</value>
  <value column="Description" original="(Standard Process Cash)">(Standard Process Cash)</value>
  <value column="Help" original=""/>
 </row>
 <row id="120" trl="N">
  <value column="Name" original="Process_Payment">Process_Payment</value>
  <value column="Description" original="(Standard Process Payment)">(Standard Process Payment)</value>
  <value column="Help" original=""/>
 </row>
 <row id="121" trl="N">
  <value column="Name" original="Process_Journal">Process_Journal</value>
  <value column="Description" original="(Standard Process Journal)">(Standard Process Journal)</value>
  <value column="Help" original=""/>
 </row>
 <row id="122" trl="N">
  <value column="Name" original="Process_JournalBatch">Process_JournalBatch</value>
  <value column="Description" original="(Standard Process Jornal Batch)">(Standard Process Jornal Batch)</value>
  <value column="Help" original=""/>
 </row>
 <row id="123" trl="N">
  <value column="Name" original="Process_RMA">Process_RMA</value>
  <value column="Description" original="(Standard Process_RMA)">(Standard Process_RMA)</value>
  <value column="Help" original=""/>
 </row>
 <row id="124" trl="N">
  <value column="Name" original="Process_InOutConfirm">Process_InOutConfirm</value>
  <value column="Description" original="(Standard Process Confirmation)">(Standard Process Confirmation)</value>
  <value column="Help" original=""/>
 </row>
 <row id="125" trl="N">
  <value column="Name" original="Process_Allocation">Process_Allocation</value>
  <value column="Description" original="(Standard Process Allocation)">(Standard Process Allocation)</value>
  <value column="Help" original=""/>
 </row>
 <row id="126" trl="N">
  <value column="Name" original="Process_TimeExpense">Process_TimeExpense</value>
  <value column="Description" original="(Standard Process Time Expense)">(Standard Process Time Expense)</value>
  <value column="Help" original=""/>
 </row>
 <row id="127" trl="N">
  <value column="Name" original="Process_Inventory">Process_Inventory</value>
  <value column="Description" original="(Standard Process Inventory)">(Standard Process Inventory)</value>
  <value column="Help" original=""/>
 </row>
 <row id="128" trl="N">
  <value column="Name" original="Process_Movement">Process_Movement</value>
  <value column="Description" original="(Standard Process Movement)">(Standard Process Movement)</value>
  <value column="Help" original=""/>
 </row>
 <row id="129" trl="N">
  <value column="Name" original="Process_MovementConfirm">Process_MovementConfirm</value>
  <value column="Description" original="(Standard Process Movement Confirmation)">(Standard Process Movement Confirmation)</value>
  <value column="Help" original=""/>
 </row>
 <row id="130" trl="N">
  <value column="Name" original="Process_BankStatement">Process_BankStatement</value>
  <value column="Description" original="(Standard Process Bank Statement)">(Standard Process Bank Statement)</value>
  <value column="Help" original=""/>
 </row>
 <row id="50000" trl="N">
  <value column="Name" original="Manufacturing Management Setup">Manufacturing Management Setup</value>
  <value column="Description" original="Setup Manufacturing Management">Setup Manufacturing Management</value>
  <value column="Help" original="This workflow defines the Manufacturing Management and the supporting rules.">This workflow defines the Manufacturing Management and the supporting rules.</value>
 </row>
 <row id="50001" trl="N">
  <value column="Name" original="Manufacturing Workflow Setup">Manufacturing Workflow Setup</value>
  <value column="Description" original="Setup Manufacturing Workflow">Setup Manufacturing Workflow</value>
  <value column="Help" original="This workflow defines the Manufacturing Workflow  Setup">This workflow defines the Manufacturing Workflow  Setup</value>
 </row>
 <row id="50002" trl="N">
  <value column="Name" original="Bill of Material &amp; Formula Setup" xml:space="preserve"><![CDATA[Bill of Material & Formula Setup]]></value>
  <value column="Description" original="Setup Bill of Material &amp; Formula" xml:space="preserve"><![CDATA[Setup Bill of Material & Formula]]></value>
  <value column="Help" original="This workflow defines the Bill of Material &amp; Formula" xml:space="preserve"><![CDATA[This workflow defines the Bill of Material & Formula]]></value>
 </row>
 <row id="50003" trl="N">
  <value column="Name" original="Planning Management Setup">Planning Management Setup</value>
  <value column="Description" original="Setup Planning Management">Setup Planning Management</value>
  <value column="Help" original="Before the production processes can be done, it is necessary to plan the activities which must be accomplished to assure the products can be gotten at the right time in order not to remain a long time in the warehouse, or at the contrary, to cause delays in shipments because components shortages in the manufacturing order.&#10;&#10;Another subject to take into account are the production cost and the capacity of shipping good quality products.&#10;&#10;Using Planning Management you answer the question: When and How Many products we must get?">Before the production processes can be done, it is necessary to plan the activities which must be accomplished to assure the products can be gotten at the right time in order not to remain a long time in the warehouse, or at the contrary, to cause delays in shipments because components shortages in the manufacturing order.

Another subject to take into account are the production cost and the capacity of shipping good quality products.

Using Planning Management you answer the question: When and How Many products we must get?</value>
 </row>
 <row id="50004" trl="N">
  <value column="Name" original="Material Requirement Planning Setup">Material Requirement Planning Setup</value>
  <value column="Description" original="MRP is a set of techniques which uses Bills of Material, Inventory Data, and the Master Production Schedule to calculate requirements for materials.">MRP is a set of techniques which uses Bills of Material, Inventory Data, and the Master Production Schedule to calculate requirements for materials.</value>
  <value column="Help" original="MRP is a set of techniques which uses Bills of Material, Inventory Data, and the Master Production Schedule to calculate requirements for materials. It create planned orders to balance demand ans supply for products and it issues recommendations to receipt material with the right quantities and at the right dates to satisfy the Master Production Schedule in the most efficient way.">MRP is a set of techniques which uses Bills of Material, Inventory Data, and the Master Production Schedule to calculate requirements for materials. It create planned orders to balance demand ans supply for products and it issues recommendations to receipt material with the right quantities and at the right dates to satisfy the Master Production Schedule in the most efficient way.</value>
 </row>
 <row id="50005" trl="N">
  <value column="Name" original="Capacity Requirement Planning Setup">Capacity Requirement Planning Setup</value>
  <value column="Description" original="The process of Capacity Plan Calculation allows us to know the available time in each manufacturing resource, as well as the required time to satisfy the Master Production Schedule.">The process of Capacity Plan Calculation allows us to know the available time in each manufacturing resource, as well as the required time to satisfy the Master Production Schedule.</value>
  <value column="Help" original="It is a set of techniques which uses the planned orders by MRP, open manufacturing orders, manufacturing resources and the work-flows to calculate the required time for each resource along with the available time. With this information, we are able to balance the time demand with the available time. Through the knowledge of the required and available capacities it is possible to adjust the Master Production Schedule(MPS) until we arrive at a realistic one.">It is a set of techniques which uses the planned orders by MRP, open manufacturing orders, manufacturing resources and the work-flows to calculate the required time for each resource along with the available time. With this information, we are able to balance the time demand with the available time. Through the knowledge of the required and available capacities it is possible to adjust the Master Production Schedule(MPS) until we arrive at a realistic one.</value>
 </row>
 <row id="50006" trl="N">
  <value column="Name" original="Distribution Resource Planning Setup">Distribution Resource Planning Setup</value>
  <value column="Description" original="is a method used in business administration for planning orders within a supply chain. DRP enables the user to set certain inventory control parameters (like a safety stock) and calculate the time-phased inventory requirements.">is a method used in business administration for planning orders within a supply chain. DRP enables the user to set certain inventory control parameters (like a safety stock) and calculate the time-phased inventory requirements.</value>
  <value column="Help" original="is a method used in business administration for planning orders within a supply chain. DRP enables the user to set certain inventory control parameters (like a safety stock) and calculate the time-phased inventory requirements.">is a method used in business administration for planning orders within a supply chain. DRP enables the user to set certain inventory control parameters (like a safety stock) and calculate the time-phased inventory requirements.</value>
 </row>
 <row id="50007" trl="N">
  <value column="Name" original="Discrete Manufacturing Setup">Discrete Manufacturing Setup</value>
  <value column="Description" original="Once the production planning process is completed, the production control process let us to check the execution activities in order to be sure we can reach the material plan.">Once the production planning process is completed, the production control process let us to check the execution activities in order to be sure we can reach the material plan.</value>
  <value column="Help" original="Once the production planning process is completed, the production control process let us to check the execution activities in order to be sure we can reach the material plan.&#10;&#10;Each time you need to release an order you need to be sure the components are complete in the warehouse, this is obtained by tracking the release and due dates for every component, this is easy to get using the shortages reports and from this module.&#10;&#10;This module mainly answer the question:&#10;&#10;What do I need to do to accomplish the&#10;MPS?&#10;&#10;If you cannot cover the MPS as you had planned, this module gives you information needed to decrease the effect on the costs and on the customer service.">Once the production planning process is completed, the production control process let us to check the execution activities in order to be sure we can reach the material plan.

Each time you need to release an order you need to be sure the components are complete in the warehouse, this is obtained by tracking the release and due dates for every component, this is easy to get using the shortages reports and from this module.

This module mainly answer the question:

What do I need to do to accomplish the
MPS?

If you cannot cover the MPS as you had planned, this module gives you information needed to decrease the effect on the costs and on the customer service.</value>
 </row>
 <row id="50008" trl="N">
  <value column="Name" original="Process_Manufacturing_Order">Process_Manufacturing_Order</value>
  <value column="Description" original="(Standard Process Manufacturing Order)">(Standard Process Manufacturing Order)</value>
  <value column="Help" original=""/>
 </row>
 <row id="50009" trl="N">
  <value column="Name" original="Process_CostCollector">Process_CostCollector</value>
  <value column="Description" original="(Standard Process Manufacturing Cost Collector)">(Standard Process Manufacturing Cost Collector)</value>
  <value column="Help" original=""/>
 </row>
 <row id="50010" trl="N">
  <value column="Name" original="Distribution Management Setup">Distribution Management Setup</value>
  <value column="Description" original="Setup Distribution Management">Setup Distribution Management</value>
  <value column="Help" original=""/>
 </row>
 <row id="50011" trl="N">
  <value column="Name" original="Process_Distribution_Order">Process_Distribution_Order</value>
  <value column="Description" original="(Standard Process Distribution Order)">(Standard Process Distribution Order)</value>
  <value column="Help" original=""/>
 </row>
 <row id="50012" trl="N">
  <value column="Name" original="Setup Replication">Setup Replication</value>
  <value column="Description" original="Setup of data replication">Setup of data replication</value>
  <value column="Help" original="Data Replication allows you to synchronize data of remote instances with a central office.  All actions are initialized from the central office.&lt;p&gt;&#10;&lt;b&gt;Central System:&lt;/b&gt;&lt;br&gt;&#10;- setup system with all organizations, roles, etc.&lt;br&gt;&#10;- run the migration to make sure that it is up-to-date&lt;br&gt;&#10;- export the central system&lt;br&gt;&#10;&lt;p&gt;&#10;&lt;b&gt;Remote System:&lt;/b&gt;&#10;- install the exact version as Central System&lt;br&gt;&#10;- import data from Central System in the remote locations&lt;br&gt;&#10;&lt;p&gt;&#10;&lt;b&gt;Central System:&lt;/b&gt;&#10;- Replication Strategy&lt;br&gt;&#10;- Define Export Format&lt;br&gt;&#10;- Config Export Processor&lt;br&gt;&#10;- Start JMS Server&lt;br&gt;&#10;&lt;p&gt;&#10;** Enter Transactions **&#10;&lt;p&gt;&#10;&lt;b&gt;Remote System:&lt;/b&gt;&lt;br&gt;&#10;- Config Import Processor&lt;br&gt;" xml:space="preserve"><![CDATA[Data Replication allows you to synchronize data of remote instances with a central office.  All actions are initialized from the central office.<p>
<b>Central System:</b><br>
- setup system with all organizations, roles, etc.<br>
- run the migration to make sure that it is up-to-date<br>
- export the central system<br>
<p>
<b>Remote System:</b>
- install the exact version as Central System<br>
- import data from Central System in the remote locations<br>
<p>
<b>Central System:</b>
- Replication Strategy<br>
- Define Export Format<br>
- Config Export Processor<br>
- Start JMS Server<br>
<p>
** Enter Transactions **
<p>
<b>Remote System:</b><br>
- Config Import Processor<br>]]></value>
 </row>
 <row id="50013" trl="N">
  <value column="Name" original="Process_Payroll">Process_Payroll</value>
  <value column="Description" original="(Standard Process Payroll)">(Standard Process Payroll)</value>
  <value column="Help" original=""/>
 </row>
 <row id="50014" trl="N">
  <value column="Name" original="Setup Human Resource &amp; Payroll" xml:space="preserve"><![CDATA[Setup Human Resource & Payroll]]></value>
  <value column="Description" original="Setup Human Resource &amp; Payroll" xml:space="preserve"><![CDATA[Setup Human Resource & Payroll]]></value>
  <value column="Help" original=""/>
 </row>
 <row id="50020" trl="N">
  <value column="Name" original="Process_Asset_Adition">Process_Asset_Adition</value>
  <value column="Description" original=""/>
  <value column="Help" original=""/>
 </row>
 <row id="50021" trl="N">
  <value column="Name" original="Process_Asset_Disposed">Process_Asset_Disposed</value>
  <value column="Description" original=""/>
  <value column="Help" original=""/>
 </row>
 <row id="50022" trl="N">
  <value column="Name" original="Process_Asset_Transfer">Process_Asset_Transfer</value>
  <value column="Description" original=""/>
  <value column="Help" original=""/>
 </row>
 <row id="50023" trl="N">
  <value column="Name" original="Process_Asset_Reval">Process_Asset_Reval</value>
  <value column="Description" original=""/>
  <value column="Help" original=""/>
 </row>
 <row id="50024" trl="N">
  <value column="Name" original="Process Asset Depreciation Entry">Process Asset Depreciation Entry</value>
  <value column="Description" original=""/>
  <value column="Help" original=""/>
 </row>
 <row id="200002" trl="N">
  <value column="Name" original="Process_Production">Process_Production</value>
  <value column="Description" original=""/>
  <value column="Help" original=""/>
 </row>
</idempiereTrl>
