<?xml version="1.0" encoding="UTF-8" standalone="no"?>
<!--iDempiere(r) Release 8.2_2020-12-20 -Smart Suite ERP, CRM and SCM- (c) 1999-2021 iDempiere(r); Implementation: iDempiere - Supported by iDempiere community--><!--<!DOCTYPE idempiereTrl PUBLIC "-//ComPiere, Inc.//DTD iDempiere Translation 1.0//EN" "http://www.idempiere.com/dtd/idempiereTrl.dtd">--><idempiereTrl language="ru_RU" table="C_DocType">
 <row id="0" trl="N">
  <value column="Name" original="** New **">** New **</value>
  <value column="PrintName" original="** New **">** New **</value>
  <value column="DocumentNote" original="** NO INVOICE **">** NO INVOICE **</value>
 </row>
</idempiereTrl>
