<?xml version="1.0" encoding="UTF-8" standalone="no"?>
<!--iDempiere(r) Release 8.2_2020-12-20 -Smart Suite ERP, CRM and SCM- (c) 1999-2021 iDempiere(r); Implementation: iDempiere - Supported by iDempiere community--><!--<!DOCTYPE idempiereTrl PUBLIC "-//ComPiere, Inc.//DTD iDempiere Translation 1.0//EN" "http://www.idempiere.com/dtd/idempiereTrl.dtd">--><idempiereTrl language="ru_RU" table="C_UOM">
 <row id="100" trl="N">
  <value column="Name" original="Each">Each</value>
  <value column="Description" original=""/>
  <value column="UOMSymbol" original="Ea ">Ea </value>
 </row>
 <row id="101" trl="N">
  <value column="Name" original="Hour">Hour</value>
  <value column="Description" original=""/>
  <value column="UOMSymbol" original="h  ">h  </value>
 </row>
 <row id="102" trl="N">
  <value column="Name" original="Day">Day</value>
  <value column="Description" original=""/>
  <value column="UOMSymbol" original="d  ">d  </value>
 </row>
 <row id="103" trl="N">
  <value column="Name" original="Minutes">Minutes</value>
  <value column="Description" original="(lowest unit for resorce assigments)">(lowest unit for resorce assigments)</value>
  <value column="UOMSymbol" original="m  ">m  </value>
 </row>
 <row id="104" trl="N">
  <value column="Name" original="Work Day">Work Day</value>
  <value column="Description" original="8 hour">8 hour</value>
  <value column="UOMSymbol" original="D  ">D  </value>
 </row>
 <row id="105" trl="N">
  <value column="Name" original="Week">Week</value>
  <value column="Description" original=""/>
  <value column="UOMSymbol" original="w  ">w  </value>
 </row>
 <row id="106" trl="N">
  <value column="Name" original="Month">Month</value>
  <value column="Description" original="30 days">30 days</value>
  <value column="UOMSymbol" original="m  ">m  </value>
 </row>
 <row id="107" trl="N">
  <value column="Name" original="Working Month">Working Month</value>
  <value column="Description" original="20 days">20 days</value>
  <value column="UOMSymbol" original="M  ">M  </value>
 </row>
 <row id="108" trl="N">
  <value column="Name" original="Year">Year</value>
  <value column="Description" original=""/>
  <value column="UOMSymbol" original="y  ">y  </value>
 </row>
</idempiereTrl>
