<?xml version="1.0" encoding="UTF-8" standalone="no"?>
<!--iDempiere(r) Release 8.2_2020-12-20 -Smart Suite ERP, CRM and SCM- (c) 1999-2021 iDempiere(r); Implementation: iDempiere - Supported by iDempiere community--><!--<!DOCTYPE idempiereTrl PUBLIC "-//ComPiere, Inc.//DTD iDempiere Translation 1.0//EN" "http://www.idempiere.com/dtd/idempiereTrl.dtd">--><idempiereTrl language="ru_RU" table="PA_DashboardContent">
 <row id="50000" trl="Y">
  <value column="Name" original="Activities">Активности</value>
  <value column="Description" original="Workflow activities, notices and requests">Действия, уведомления и запросы бизнес-процесса</value>
  <value column="HTML" original=""/>
 </row>
 <row id="50001" trl="Y">
  <value column="Name" original="Favourites">Избранное</value>
  <value column="Description" original="User favourities">Избранное пользователя</value>
  <value column="HTML" original=""/>
 </row>
 <row id="50002" trl="Y">
  <value column="Name" original="Views">Просмотры</value>
  <value column="Description" original="Info views">Информационные просмотры</value>
  <value column="HTML" original=""/>
 </row>
 <row id="50003" trl="Y">
  <value column="Name" original="Performance">Производительность</value>
  <value column="Description" original="Performance meters">Измерители производительности</value>
  <value column="HTML" original=""/>
 </row>
 <row id="200000" trl="Y">
  <value column="Name" original="Recent Items">Последние изменения</value>
  <value column="Description" original="Recent items">Последние изменения</value>
  <value column="HTML" original=""/>
 </row>
 <row id="200001" trl="Y">
  <value column="Name" original="Menu">Меню</value>
  <value column="Description" original="Menu">Меню</value>
  <value column="HTML" original=""/>
 </row>
 <row id="200002" trl="Y">
  <value column="Name" original="Running Jobs">Запущенные задания</value>
  <value column="Description" original="Running Jobs">Запущенные задания</value>
  <value column="HTML" original=""/>
 </row>
 <row id="200003" trl="Y">
  <value column="Name" original="Activities">Активности</value>
  <value column="Description" original=""/>
  <value column="HTML" original=""/>
 </row>
 <row trl="Y" uuid="982d14cd-a8c8-49c3-9d1d-5cd6883d3d12">
  <value column="Name" original="Calendar">Календарь</value>
  <value column="Description" original="Request Calendar">Календарь запросов</value>
  <value column="HTML" original=""/>
 </row>
</idempiereTrl>
